{"cameraMode":{"drawMode":0,"name":"Shaded","section":"Shading Mode"},"sceneLighting":false,"audioPlay":false,"sceneViewState":{"m_AlwaysRefresh":false,"showFog":true,"showSkybox":false,"showFlares":true,"showImageEffects":true,"showParticleSystems":true,"showVisualEffectGraphs":true,"m_FxEnabled":true},"in2DMode":false,"pivot":{"x":0.8199999928474426,"y":0.3199999928474426,"z":1.4901161193847657e-8},"rotation":{"x":0.00021804739662911743,"y":-0.9992460012435913,"z":-0.0053930701687932018,"w":-0.03959551453590393},"size":0.24828265607357026,"orthographic":true}